Location,Name,Frequency,Duplex,Offset,Tone,rToneFreq,cToneFreq,Mode,TStep,Comment
1,DB0FBG,439.025,-,7.600000,Tone,141.3,141.3,FM,12.5,Freiberg
2,ER1OVR,438.9,-,7.600000,Tone,103.5,103.5,FM,12.5,Chisinau
3,LX0LU,145.7,-,0.600000,,88.5,88.5,FM,12.5,
4,LZ0RUS,145.625,-,0.600000,,88.5,88.5,FM,12.5,Ruse
5,SR0CK,439.0625,-,7.600000,Tone,77.0,88.5,FM,12.5,Serock
6,SR0DN,439.5125,-,7.600000,Tone,77.0,88.5,FM,12.5,"Wola Rebkowska"
7,SR0DZ,439.5375,-,7.600000,,88.5,88.5,FM,12.5,Serock
8,SR0GOL,439.1375,-,7.600000,,88.5,88.5,FM,12.5,
9,SR0LU,438.35,-,7.600000,Tone,67.0,67.0,FM,12.5,Lubawa
10,SR0MI,438.3125,-,7.600000,Tone,67.0,67.0,FM,12.5,Miłomłyn
11,SR0ON,438.4875,-,7.600000,Tone,67.0,67.0,FM,12.5,Olsztyn
12,SR0WW,438.825,-,7.600000,Tone,82.5,82.5,FM,12.5,Wolin
14,SR1BAR,439.55,-,7.600000,Tone,82.5,88.5,FM,12.5,Barlinek
15,SR1CH,145.7875,+,293.712500,Tone,82.5,82.5,FM,12.5,Czartoryja
16,SR1CZ,438.7125,-,7.600000,Tone,82.5,88.5,FM,12.5,Czaplinek
17,SR1D,145.6125,-,0.600000,Tone,77.0,77.0,FM,12.5,Debno
19,SR1G,145.625,-,0.600000,Tone,88.5,88.5,FM,12.5,Kolobrzeg
20,SR1GL,145.28,+,0.000000,Tone,82.5,82.5,FM,12.5,Goleniow
21,SR1K,145.7,-,0.600000,Tone,82.5,82.5,FM,12.5,Stargard
23,SR1KN,438.675,-,7.600000,,88.5,88.5,FM,12.5,"Koszalin Gora Chelmska - wieza widokowa"
24,SR1LS,1298.3,-,28.000000,,88.5,88.5,FM,12.5,Szczecin
25,SR1N,145.675,-,0.600000,,88.5,88.5,FM,12.5,Koszalin
26,SR1P,145.725,-,0.600000,,88.5,88.5,FM,12.5,Kopnica
27,SR1RE,439.15,-,7.600000,Tone,88.5,88.5,FM,12.5,Resko
28,SR1RG,438.875,-,7.600000,Tone,82.5,82.5,FM,12.5,Trzebiatow
29,SR1S,145.77,-,0.600000,Tone,82.5,82.5,FM,12.5,Szczecin
30,SR1SZ,439.075,-,7.600000,Tone,82.5,82.5,FM,12.5,Szczecin
32,SR1TS,29.67,-,0.100000,Tone,82.5,82.5,FM,12.5,Szczecin
34,SR1UVH,439.025,-,7.600000,,88.5,88.5,DV,12.5,Swinoujscie
35,SR1UVS,439.4125,-,7.600000,,88.5,88.5,DV,12.5,Szczecin
37,SR1W,145.6125,-,0.600000,Tone,82.5,82.5,FM,12.5,Świnoujście
38,SR1WA,439.4,-,7.600000,Tone,82.5,82.5,FM,12.5,Walcz
42,SR1WU,438.725,-,7.600000,Tone,82.5,82.5,FM,12.5,Swinoujscie
43,SR1WX,439.2,-,7.600000,Tone,82.5,82.5,FM,12.5,Stargard
44,SR1YWX,439.2625,-,7.600000,Tone,82.5,82.5,FM,12.5,Stargard
45,SR1Z,145.6375,-,0.600000,Tone,82.5,82.5,FM,12.5,"Kolowo EMITEL"
47,SR1ZK-B,439.3,-,7.600000,,88.5,88.5,DV,12.5,Kolowo
48,SR1ZS,439,-,7.600000,Tone,82.5,82.5,FM,12.5,Szczecin
50,SR23BN,1298.175,-,28.000000,,88.5,71.9,FM,12.5,Bedzin
51,SR23CM,1298.1,-,28.000000,,88.5,88.5,FM,12.5,Skrzyczne
54,SR2BG,145.725,-,0.600000,Tone,67.0,67.0,FM,12.5,Bydgoszcz
55,SR2BT,439.1,-,7.600000,Tone,77.0,77.0,FM,12.5,"Bory Tucholskie"
56,SR2BW,438.7,-,7.600000,,88.5,88.5,FM,12.5,"Bytow - komin cieplowni Veolia Polnoc"
57,SR2BY,438.725,-,7.600000,Tone,67.0,88.5,FM,12.5,Bydgoszcz
58,SR2C,145.6,-,0.600000,Tone,94.8,94.8,FM,12.5,"Chwaszczyno EMITEL"
59,SR2CDE,439.1875,-,7.600000,,88.5,88.5,DV,12.5,Gdansk
64,SR2DV,439.1875,-,7.600000,,88.5,88.5,DV,12.5,GDANSK
65,SR2EL,439.55,-,7.600000,Tone,94.8,94.8,FM,12.5,Elblag
66,SR2FM,439.5375,-,7.600000,Tone,74.4,74.4,FM,12.5,"Szubin - Jablowo Paluckie / wieza p.poz"
68,SR2GA,438.975,-,7.600000,Tone,94.8,94.8,FM,12.5,Wladyslawowo
69,SR2GD,439.075,-,7.600000,Tone,94.8,94.8,FM,12.5,Gdańsk
70,SR2GD,439.075,-,7.600000,Tone,94.8,94.8,FM,12.5,Gdansk
71,SR2GD-C,439.0875,-,7.600000,Tone,94.8,94.8,FM,12.5,Gdansk
72,SR2GDA,439.35,-,7.600000,Tone,94.8,94.8,FM,12.5,"Smetowo Graniczne"
74,SR2GG,145.75,-,0.600000,Tone,74.4,74.4,FM,12.5,Szubin
75,SR2GG-B,439.1375,-,7.600000,Tone,74.4,74.4,FM,12.5,Szubin
76,SR2GG-C,439.3375,-,7.600000,Tone,74.4,74.4,FM,12.5,Szubin
77,SR2GG-D,439.9,-,9.400000,,88.5,88.5,DV,12.5,Szubin
79,SR2GN,439.325,-,7.600000,Tone,94.8,94.8,FM,12.5,"Gniewino - Wieza widokowa"
80,SR2GR,439.2,-,7.600000,Tone,94.8,88.5,FM,12.5,Grudziadz
81,SR2GRU,145.6875,-,0.600000,Tone,94.8,88.5,FM,12.5,Grudziadz
82,SR2GS,438.55,-,7.600000,Tone,94.8,94.8,FM,12.5,Chwaszczyno
83,SR2GT,439.025,-,7.600000,Tone,94.8,94.8,FM,12.5,"Chwaszczyno EMITEL"
84,SR2I,438.6625,-,7.600000,Tone,67.0,67.0,FM,12.5,Inowroclaw
86,SR2J,145.5875,-,0.600000,Tone,74.4,74.4,FM,12.5,"Szubin - Jablowo Paluckie / wieza p.poz"
87,SR2JJ,439.1625,-,7.600000,Tone,74.4,74.4,FM,12.5,"Szubin - Jablowo Paluckie / wieza p.poz"
88,SR2K,145.7125,-,0.600000,Tone,88.5,88.5,FM,12.5,Torun
89,SR2KU,439.425,-,7.600000,Tone,94.8,94.8,FM,12.5,Wiezyca
90,SR2KW,145.3375,+,285.687500,Tone,100.0,100.0,FM,12.5,Wloclawek
91,SR2KY,439.25,-,7.600000,,88.5,88.5,FM,12.5,Kwidzyn
95,SR2PA,439.3,-,7.600000,Tone,94.8,94.8,FM,12.5,Paslek
96,SR2PB,145.7375,-,0.600000,Tone,88.5,88.5,FM,12.5,Brodnica
97,SR2PP,145.7,-,0.600000,Tone,74.4,74.4,FM,12.5,PIECHCIN
98,SR2R,145.65,-,0.600000,Tone,67.0,67.0,FM,12.5,Inowrocław
99,SR2RR,438.6625,-,7.600000,Tone,67.0,88.5,FM,12.5,Inowroclaw
100,SR2SL,438.75,-,7.600000,,88.5,88.5,FM,12.5,Slupsk
101,SR2SWR,438.775,-,7.600000,Tone,88.5,88.5,FM,12.5,Torun
102,SR2T,145.775,-,0.600000,,88.5,88.5,FM,12.5,Torun
103,SR2UVF,438.9375,-,7.600000,,88.5,88.5,DV,12.5,Bydgoszcz
105,SR2UVG-B,438.6875,-,7.600000,,88.5,88.5,DV,12.5,"Chwaszczyno EMITEL"
107,SR2UVT-C,145.6625,-,0.600000,,88.5,88.5,DV,12.5,Tuchola
108,SR2UVV-B,439.3625,-,7.600000,,88.5,88.5,DV,12.5,"Szubin - Jablowo Paluckie / wieza p.poz"
109,SR2W,439.025,-,7.600000,Tone,82.5,82.5,FM,12.5,Włocławek
110,SR2WE,439.225,-,7.600000,,88.5,88.5,FM,12.5,Wejherowo
111,SR2WL,439.025,-,7.600000,Tone,82.5,88.5,FM,12.5,Wloclawek
112,SR2Z,145.65,-,0.600000,Tone,94.8,94.8,FM,12.5,"Gdynia-Oksywie EMITEL"
113,SR3A,145.6625,-,0.600000,Tone,79.7,79.7,FM,12.5,"RTCN Jemiolow/Lagow maszt EmiTel"
115,SR3DAB,438.575,-,7.600000,,88.5,88.5,DV,12.5,Zalesie
119,SR3DKA,438.4,-,7.600000,,88.5,88.5,DV,12.5,Kalisz
122,SR3DOS,438.2875,-,7.600000,,88.5,88.5,DV,12.5,"Ostrow Wielkopolski"
126,SR3G,145.75,-,0.600000,Tone,77.0,77.0,FM,12.5,"Gorzow Wielkopolski"
127,SR3GO,439.175,-,7.600000,Tone,77.0,88.5,FM,12.5,"Gorzow Wielkopolski"
128,SR3GW,438.95,-,7.600000,Tone,77.0,88.5,FM,12.5,"Gorzow Wielkopolski - lokalny"
129,SR3J,439.5,-,7.600000,Tone,79.7,79.7,FM,12.5,"RTCN Jemiolow/Lagow maszt EmiTel"
130,SR3JA,438.975,-,7.600000,Tone,110.9,110.9,FM,12.5,"Jarocin, ul. Kosciuszki 43"
132,SR3K,145.75,-,0.600000,,88.5,88.5,FM,12.5,Kalisz
134,SR3KEP,438.4375,-,7.600000,Tone,103.5,88.5,FM,12.5,Kepno
135,SR3KH,438.8,-,7.600000,,88.5,88.5,FM,12.5,"Kolo - ZST"
138,SR3L,145.775,-,0.600000,Tone,103.5,103.5,FM,12.5,Leszno
139,SR3LS,439.275,-,7.600000,Tone,103.5,103.5,FM,12.5,Leszno
140,SR3LW,439.125,-,7.600000,Tone,110.9,110.9,FM,12.5,Lwowek
142,SR3MDW,439.225,-,7.600000,Tone,103.5,103.5,FM,12.5,Leszno
143,SR3N,145.6875,-,0.600000,Tone,110.9,110.9,FM,12.5,Pila
144,SR3O,145.725,-,0.600000,Tone,103.5,88.5,FM,12.5,"Ostrow Wielkopolski"
145,SR3OS,439.3,-,7.600000,Tone,103.5,103.5,FM,12.5,"Ostrow Wielkopolski"
146,SR3P,145.65,-,0.600000,Tone,110.9,110.9,FM,12.5,"Poznan - Debiec"
147,SR3PB,438.875,-,7.600000,Tone,110.9,110.9,FM,12.5,Pobiedziska
148,SR3PI,439.05,-,7.600000,Tone,67.0,67.0,FM,12.5,Piła
149,SR3PO,439.2,-,7.600000,Tone,110.9,110.9,FM,12.5,Poznan
150,SR3PO,1298.4,-,28.000000,,88.5,88.5,FM,12.5,Poznan
151,SR3PX,438.9,-,7.600000,Tone,110.9,110.9,FM,12.5,Slomowo
152,SR3RR,438.825,-,7.600000,Tone,103.5,103.5,FM,12.5,Rawicz
153,SR3SN,439.1,-,7.600000,Tone,100.0,88.5,FM,12.5,Swiebodzin
154,SR3SR,439.1,-,7.600000,Tone,110.9,110.9,FM,12.5,Sulecinek
155,SR3T,145.6375,-,0.600000,Tone,110.9,110.9,FM,12.5,Malanow
156,SR3TU,439.15,-,7.600000,,88.5,88.5,FM,12.5,Turek
157,SR3UVJ,438.4125,-,7.600000,,88.5,88.5,DV,12.5,"RTCN Jemiolow/Lagow maszt EmiTel"
158,SR3UVL,439.2375,-,7.600000,,88.5,88.5,DV,12.5,Leszno
160,SR3WR,438.825,-,7.600000,Tone,110.9,110.9,FM,12.5,Wronki
161,SR3WT,439.325,-,7.600000,Tone,110.9,110.9,FM,12.5,Wolsztyn
162,SR3X,145.7625,-,0.600000,Tone,110.9,88.5,FM,12.5,Poznan
163,SR3XX,439.025,-,7.600000,Tone,110.9,110.9,FM,12.5,Poznan
164,SR3XXX,438.7,-,7.600000,Tone,110.9,110.9,FM,12.5,"RTCN Poznan/Srem, maszt EmiTel, adres Gora 42 kolo Sremu"
165,SR3Z,145.7125,-,0.600000,Tone,71.9,71.9,FM,12.5,"Zielona Gora"
167,SR3ZF,1298.5,-,28.000000,,88.5,88.5,FM,12.5,"Zielona Gora"
168,SR3ZG,439.075,-,7.600000,Tone,203.5,203.5,FM,12.5,"Zielona Gora"
169,SR3ZJ,438.75,-,7.600000,Tone,79.7,79.7,FM,12.5,"RTCN Jemiolow/Lagow maszt EmiTel"
170,SR3ZX,439.35,-,7.600000,,88.5,88.5,DV,12.5,"Zielona Gora"
172,SR4AUU,439.3375,-,7.600000,Tone,67.0,67.0,FM,12.5,Augustow
173,SR4AUV,145.6875,-,0.600000,Tone,67.0,67.0,FM,12.5,KO13MV
174,SR4BA,438.5375,-,7.600000,Tone,67.0,67.0,FM,12.5,Bartoszyce
175,SR4BA,438.5375,-,7.600000,Tone,67.0,67.0,FM,12.5,Bartoszyce
178,SR4BI,438.4625,-,7.600000,Tone,67.0,67.0,FM,12.5,Juchnowiec
180,SR4BK,438.925,-,7.600000,,88.5,88.5,FM,12.5,"Bialystok, Politechnika Bialostocka"
181,SR4BL,438.6,-,7.600000,Tone,67.0,67.0,FM,12.5,Lomza
182,SR4BS,439.025,-,7.600000,Tone,67.0,67.0,FM,12.5,Bialystok
185,SR4D,145.7875,-,0.600000,Tone,67.0,67.0,FM,12.5,"Milki k/Gizycka EMITEL"
188,SR4DGT,438.575,-,7.600000,Tone,67.0,67.0,FM,12.5,"Gora Dylewska EMITEL"
189,SR4DM,438.3,-,7.600000,Tone,67.0,88.5,FM,12.5,"Dobre Miasto"
190,SR4DMR,438.6125,-,7.600000,,88.5,88.5,FM,12.5,Elk
192,SR4EL,439.05,-,7.600000,Tone,94.8,94.8,FM,12.5,Elblag
194,SR4H,439.2375,-,7.600000,Tone,67.0,67.0,FM,12.5,Hajnówka
195,SR4IL,438.2125,-,7.600000,Tone,67.0,67.0,FM,12.5,Iława
196,SR4J,145.625,-,0.600000,Tone,67.0,67.0,FM,12.5,"Gora Dylewska EMITEL"
198,SR4L,438.1,-,7.600000,,88.5,88.5,DV,12.5,Lomza
199,SR4LDG,1298.2,-,28.000000,Tone,67.0,67.0,FM,12.5,"Gora Dylewska EMITEL"
200,SR4LG,438.725,-,7.600000,Tone,67.0,67.0,FM,12.5,Gielczyn
202,SR4LM,1298.6,-,28.000000,,88.5,88.5,FM,12.5,"Milki k/Gizycka EMITEL"
203,SR4LO,439.1,-,7.600000,Tone,67.0,67.0,FM,12.5,Łomża
204,SR4LU,439.375,-,7.600000,Tone,67.0,88.5,FM,12.5,Lubawa
205,SR4M,145.6,-,0.600000,Tone,67.0,67.0,FM,12.5,"Milki k/Gizycka EMITEL"
206,SR4MI,438.75,-,7.600000,Tone,67.0,67.0,FM,12.5,"Milki k/Gizycka EMITEL"
209,SR4MO,438.45,-,7.600000,Tone,67.0,88.5,FM,12.5,Morag
210,SR4MR,439.15,-,8.000000,Tone,67.0,67.0,FM,12.5,Mragowo
211,SR4MWO,438.15,-,7.600000,Tone,67.0,67.0,FM,12.5,Mragowo
212,SR4O,145.725,-,0.600000,,88.5,67.0,FM,12.5,Olsztyn
214,SR4OEX,145.6875,split,145.0875,Tone,67.0,88.5,FM,12.5,Olecko
215,SR4OEX,145.6875,-,0.600000,Tone,67.0,88.5,FM,12.5,Olecko
216,SR4OL,438.5125,-,7.600000,Tone,67.0,67.0,FM,12.5,Olsztynek
217,SR4ON,438.675,-,7.600000,Tone,67.0,67.0,FM,12.5,Olsztyn
220,SR4ONX,438.95,-,7.600000,,88.5,88.5,FM,12.5,Olsztyn
221,SR4OS,438.4,-,7.600000,Tone,67.0,88.5,FM,12.5,Ostroda
222,SR4PA,439,-,7.600000,Tone,94.8,94.8,FM,12.5,"Paslek, pow. elblaski"
223,SR4PA,145.775,-,0.600000,Tone,94.8,94.8,FM,12.5,Paslek
224,SR4PL,439.575,-,9.400000,Tone,67.0,67.0,FM,12.5,"Podlesna 66"
225,SR4RS,145.7,-,0.600000,Tone,67.0,67.0,FM,12.5,Bialystok
226,SR4S,145.575,-,0.600000,Tone,67.0,67.0,FM,12.5,Sokolka
227,SR4SA,439.375,-,7.600000,Tone,67.0,67.0,FM,12.5,Sokolka
228,SR4SN,438.875,-,7.600000,Tone,67.0,88.5,FM,12.5,Szczytno
229,SR4ST,439.2,-,7.600000,Tone,67.0,67.0,FM,12.5,Skitlawki
230,SR4SU,438.8,-,7.600000,Tone,67.0,67.0,FM,12.5,Jeleniewo
231,SR4SUU,438.9,-,7.600000,Tone,67.0,88.5,FM,12.5,"Suwalki, ul. Mickiewicza 15"
232,SR4SUW,434.7,+,0.000000,Tone,67.0,88.5,FM,12.5,Suwalki
233,SR4SW,439.325,-,7.600000,,88.5,88.5,FM,12.5,Swietajno
234,SR4SWE,439.45,-,7.600000,,88.5,88.5,DV,12.5,Swietajno
235,SR4T,145.7625,-,0.600000,Tone,94.8,94.8,FM,12.5,Turcz
236,SR4U,145.725,-,0.600000,,88.5,88.5,FM,12.5,Bialystok
237,SR4UBI,439.425,-,7.600000,,88.5,88.5,DV,12.5,Bialystok
238,SR4UG,438.775,-,7.600000,,88.5,88.5,DV,12.5,Giby
239,SR4UVD,439.5125,-,7.600000,,88.5,88.5,DV,12.5,"Gora Dylewska EMITEL"
240,SR4UVE,438.6,-,7.600000,Tone,94.8,88.5,FM,12.5,Paslek
241,SR4UVM,439.4875,-,7.600000,,88.5,88.5,DV,12.5,"Milki k/Gizycka EMITEL"
242,SR4UVN,439.4625,-,7.600000,,88.5,88.5,DV,12.5,Olsztyn
243,SR4WA,438.125,-,7.600000,Tone,67.0,67.0,FM,12.5,Wawrowice
244,SR4X,145.6,-,0.600000,Tone,67.0,88.5,FM,12.5,Juchnowiec
246,SR5CI,438.4375,-,7.600000,Tone,127.3,88.5,FM,12.5,Ciechanow
249,SR5DV,145.5875,-,0.600000,Tone,127.3,127.3,FM,12.5,
251,SR5E,439.375,-,7.600000,Tone,127.3,88.5,FM,12.5,Warszawa-Ochota
252,SR5ECHO,145.7,+,0.000000,,88.5,88.5,FM,12.5,WARSZAWA
253,SR5ECHO,439.15,+,0.000000,,88.5,88.5,FM,12.5,Warszawa
255,SR5FWG,438.25,-,7.600000,Tone,127.3,127.3,FM,12.5,Garwolin
256,SR5GM,439.225,-,7.600000,Tone,127.3,127.3,FM,12.5,"Grodzisk Mazowiecki"
257,SR5GR,438.8,-,7.600000,Tone,127.3,127.3,FM,12.5,"GROJEC, ul. PILSUDSKIEGO 6"
258,SR5ID,439.0375,-,7.600000,Tone,127.3,127.3,FM,12.5,Kuflew
260,SR5KO,439.2,-,7.600000,Tone,118.8,118.8,FM,12.5,Kozienice
261,SR5KP,29.68,split,29.58,Tone,127.3,127.3,FM,12.5,"Moszna-Parcela komin Elektrociepłowni Pruszków II"
262,SR5KP,29.68,-,0.100000,Tone,127.3,127.3,FM,12.5,"Moszna-Parcela komin Elektrocieplowni Pruszkow II"
263,SR5KPN,438.2,-,7.600000,Tone,127.3,127.3,FM,12.5,Zamczysko
264,SR5KPN,438.2,-,7.600000,Tone,127.3,127.3,FM,12.5,Zamczysko
265,SR5LOM,1298.4,-,28.000000,,88.5,88.5,FM,12.5,Łomianki
266,SR5LW,1298.1,-,28.000000,,88.5,88.5,FM,12.5,Pruszkow
268,SR5MM,438.95,-,7.600000,Tone,127.3,127.3,FM,12.5,"Minsk Mazowiecki"
270,SR5ND,439.425,-,7.600000,Tone,127.3,127.3,FM,12.5,"Nowy Dwor Mazowiecki"
271,SR5O,145.675,-,0.600000,Tone,127.3,127.3,FM,12.5,Ostroleka
272,SR5OK,439.2625,-,7.600000,,88.5,88.5,FM,12.5,Kadzidlo
274,SR5OS,439.05,-,7.600000,Tone,67.0,88.5,FM,12.5,Ostroleka
275,SR5P,145.725,-,0.600000,Tone,127.3,127.3,FM,12.5,Plock
276,SR5PL,439.125,-,7.600000,Tone,127.3,127.3,FM,12.5,Plock
278,SR5PN,145.6625,-,0.600000,Tone,127.3,88.5,FM,12.5,Plonsk
279,SR5POT,439.15,-,7.600000,Tone,127.3,127.3,FM,12.5,"Warszawa - Kaweczyn"
280,SR5PR,439.175,-,7.600000,,88.5,88.5,FM,12.5,Pruszkow
282,SR5R,145.6,-,0.600000,Tone,127.3,88.5,FM,12.5,Pruszkow
283,SR5RA,438.925,-,7.600000,Tone,118.8,118.8,FM,12.5,Radom
284,SR5RAD,145.7875,-,0.600000,Tone,118.8,118.8,FM,12.5,"RADOM - maszt Emitel"
285,SR5RK,438.75,-,7.600000,Tone,118.8,118.8,FM,12.5,"Kozlowiec - Przysucha RTCN"
286,SR5RR,439.275,-,7.600000,Tone,127.3,127.3,FM,12.5,"Warszawa - Mokotow, ul. Iberyjska"
287,SR5S,145.6125,-,0.600000,Tone,127.3,127.3,FM,12.5,Siedlce
288,SR5SE,438.75,-,7.600000,Tone,127.3,127.3,FM,12.5,Siedlce
290,SR5U,145.775,-,0.600000,,88.5,88.5,FM,12.5,"Warszawa Ursus"
291,SR5UOS,438.9125,-,7.600000,,88.5,88.5,DV,12.5,Ostroleka
292,SR5UR,439.3,-,7.600000,Tone,127.3,88.5,FM,12.5,"Warszawa Ursus"
294,SR5UVR,438.525,-,7.600000,,88.5,88.5,DV,12.5,Radom
295,SR5UZQ,438.8625,-,7.600000,,88.5,88.5,DV,12.5,"Krze Duże"
296,SR5VW,438.825,-,7.600000,Tone,67.0,67.0,FM,12.5,"Rozan EMITEL"
297,SR5W,145.75,-,0.600000,Tone,127.3,127.3,FM,12.5,"Warszawa - komin EC Kaweczyn"
298,SR5WA,439.35,-,7.600000,Tone,127.3,127.3,FM,12.5,"Warszawa - komin EC Kaweczyn"
301,SR5WC,438.6,-,7.600000,,88.5,88.5,DV,12.5,"Moszna-Parcela komin Elektrocieplowni Pruszkow II"
303,SR5WF,439.2,-,7.600000,,88.5,88.5,DV,12.5,Warszawa
305,SR5WP,438.625,-,7.600000,Tone,127.3,127.3,FM,12.5,"Moszna-Parcela komin Elektrocieplowni Pruszkow II"
306,SR5WRX,1298.575,-,28.000000,,88.5,127.3,FM,12.5,Warszawa
308,SR5WW,438.5,-,7.600000,,88.5,88.5,DV,12.5,"Warszawa - Komin EC Kaweczyn"
309,SR5WWL,438.4625,-,7.600000,Tone,127.3,127.3,FM,12.5,Marki
310,SR5WZ,439,-,7.600000,Tone,127.3,127.3,FM,12.5,"Moszna-Parcela komin Elektrocieplowni Pruszkow II"
311,SR5YAM,430.5375,+,0.000000,,88.5,88.5,DV,12.5,Komorow
312,SR5YM,438.3,-,7.600000,,88.5,88.5,DV,12.5,Komorow
313,SR5ZIP,439.25,-,7.600000,Tone,127.3,127.3,FM,12.5,Warszawa
314,SR5ZOC,145.587,+,0.000000,Tone,127.3,127.3,FM,12.5,Nowosielec
315,SR5ZU,438.7,-,7.600000,Tone,88.5,88.5,FM,12.5,Zuromin
316,SR5ZZZ,439.1125,-,7.600000,Tone,127.3,127.3,FM,12.5,Otwock
317,SR6A,145.575,-,0.600000,,88.5,88.5,DV,12.5,Brzeg
318,SR6AA,439.4,-,7.600000,Tone,67.0,67.0,FM,12.5,Legnica
319,SR6ACZ,438.95,-,7.600000,Tone,103.5,103.5,FM,12.5,Wroclaw
320,SR6B,145.7625,-,0.600000,Tone,77.0,77.0,FM,12.5,"Dzialoszyn - stacja meteo"
321,SR6C,439.25,-,7.600000,Tone,67.0,88.5,FM,12.5,Boleslawiec
322,SR6DA,439.1375,-,7.600000,,88.5,88.5,FM,12.5,Dalachow
324,SR6DKB,438.2625,-,7.600000,,88.5,88.5,DV,12.5,Krapkowice
325,SR6DKL,439.475,-,7.600000,Tone,94.8,94.8,FM,12.5,Klodzko
326,SR6DL,144.975,+,0.000000,,88.5,88.5,FM,12.5,Dalachow
327,SR6DMO,438.625,-,7.600000,Tone,94.8,94.8,FM,12.5,Oława
329,SR6DST,145.6875,-,0.600000,Tone,123.0,123.0,FM,12.5,"Strzelin, Wieza Cisnien"
330,SR6DWS,438.4625,-,7.600000,,88.5,88.5,DV,12.5,"Wielka Sowa"
332,SR6F,145.75,-,0.600000,Tone,94.8,94.8,FM,12.5,"Biskupia Kopa"
333,SR6FG,439.1875,-,7.600000,Tone,103.5,103.5,FM,12.5,
334,SR6G,145.625,-,0.600000,Tone,94.8,94.8,FM,12.5,"Gora Sleza EMITEL"
335,SR6GL,438.75,-,7.600000,,88.5,88.5,FM,12.5,Głubczyce
337,SR6J,145.675,-,0.600000,Tone,67.0,67.0,FM,12.5,"Gora Szrenica/Szklarska Poreba"
338,SR6JG,438.675,-,7.600000,Tone,67.0,67.0,FM,12.5,"Gora Kopa/Karpacz"
339,SR6K,145.7375,-,0.600000,,88.5,88.5,FM,12.5,Jugow
340,SR6L,439.125,-,7.600000,Tone,67.0,67.0,FM,12.5,Legnica
342,SR6LWB,1298.6,-,28.000000,,88.5,88.5,FM,12.5,"Góra Chełmiec"
343,SR6LWS,439.2875,-,7.600000,Tone,94.8,94.8,FM,12.5,"Wielka Sowa"
344,SR6LZM,438.6,-,7.600000,Tone,103.5,103.5,FM,12.5,Zmigrod
345,SR6MA,438.725,-,7.600000,Tone,94.8,88.5,FM,12.5,"Gora Sleza EMITEL"
346,SR6MI,439.3375,-,7.600000,Tone,67.0,67.0,FM,12.5,Milkowice
347,SR6MRU,439.3,-,7.600000,,88.5,88.5,FM,12.5,Wroclaw
348,SR6NR,439.425,-,7.600000,Tone,94.8,88.5,FM,12.5,"Nowa Ruda-Slupiec"
349,SR6OA,438.875,-,7.600000,Tone,123.0,123.0,FM,12.5,Olawa
350,SR6OO,439.25,-,7.600000,Tone,123.0,123.0,FM,12.5,Olesno
351,SR6OP,439.325,-,7.600000,Tone,94.8,94.8,FM,12.5,Opole
352,SR6PS,438.8,-,7.600000,Tone,94.8,94.8,FM,12.5,Swidnica
353,SR6R,145.6,-,0.600000,Tone,103.5,103.5,FM,12.5,Wroclaw
354,SR6RC,438.1,-,7.600000,Tone,103.5,88.5,FM,12.5,Wroclaw
356,SR6S,145.7875,-,0.600000,Tone,94.8,94.8,FM,12.5,"Wielka Sowa"
357,SR6SO,431.8125,+,7.600000,,88.5,88.5,FM,12.5,"Strzelce Opolskie"
359,SR6TT,439.225,-,7.600000,Tone,67.0,67.0,FM,12.5,"BOLKOW STARE ROCHOWICE"
360,SR6TW,438.75,-,7.600000,,88.5,88.5,DV,12.5,Chelstow
361,SR6UKB,439.2625,-,7.600000,Tone,94.8,94.8,FM,12.5,"Kopa Biskupia"
363,SR6UPK,438.5375,-,7.600000,Tone,67.0,88.5,FM,12.5,
364,SR6UVO,439.3875,-,7.600000,Tone,94.8,94.8,FM,12.5,"Elektrownia Opole, Brzezie k/Opola"
365,SR6UVW,439.0125,-,7.600000,,88.5,88.5,DV,12.5,"Wroclaw - Dom Akademicki"
366,SR6UVX,439.4125,-,7.600000,Tone,103.5,88.5,FM,12.5,Zmigrod
367,SR6UVY,439.2125,-,7.600000,,88.5,88.5,FM,12.5,Oława
368,SR6W,145.6625,-,0.600000,Tone,94.8,94.8,FM,12.5,"Gora Chelmiec"
369,SR6WB,439.3625,-,7.600000,Tone,94.8,94.8,FM,12.5,"Gora Chelmiec"
371,SR6WR,438.85,-,7.600000,Tone,103.5,103.5,FM,12.5,Wroclaw
372,SR6WRC,430.175,-,359.915000,Tone,103.5,88.5,FM,12.5,"Mokronos Gorny"
373,SR6WS,438.925,-,7.600000,Tone,94.8,94.8,FM,12.5,"Wielka Sowa"
374,SR6WY,439.075,-,7.600000,Tone,71.9,71.9,FM,12.5,"Wysoka k. Gory Sw Anny"
376,SR6Z,145.6375,-,0.600000,Tone,67.0,67.0,FM,12.5,"Gora Swieradowiec"
377,SR7ABZ,145.275,-,0.600000,Tone,88.5,88.5,FM,12.5,Busko-Zdroj
378,SR7BU,145.2375,+,0.000000,Tone,77.0,77.0,FM,12.5,Burzenin
380,SR7DBZ,438.5625,-,7.600000,,88.5,88.5,FM,12.5,Busko-Zdroj
385,SR7E,145.7625,-,0.600000,Tone,77.0,77.0,FM,12.5,Belchatow
389,SR7KFX,438.2625,-,7.600000,Tone,88.5,88.5,FM,12.5,Wielenin
390,SR7KGO,145.275,+,287.975000,Tone,88.5,88.5,FM,12.5,Busko-Zdroj
391,SR7KGO,145.275,+,287.975000,Tone,88.5,88.5,FM,12.5,Busko-Zdrój
392,SR7KI,438.725,-,7.600000,Tone,88.5,88.5,FM,12.5,"RTCN Swiety Krzyz EmiTel - Lysa Gora/Nowa Slupia"
393,SR7KP,439.425,-,7.600000,Tone,88.5,88.5,FM,12.5,Kielce
394,SR7KU,438.925,-,7.600000,Tone,82.5,88.5,FM,12.5,Kutno
395,SR7L,145.675,-,0.600000,Tone,77.0,88.5,FM,12.5,Lodz
396,SR7LA,439.55,-,7.600000,Tone,77.0,77.0,FM,12.5,Lask
397,SR7LD,439.075,-,7.600000,Tone,77.0,77.0,FM,12.5,Lodz
402,SR7LDZ,438.35,-,7.600000,Tone,77.0,77.0,FM,12.5,Lodz
403,SR7LK,1298.75,-,28.000000,,88.5,88.5,FM,12.5,"GORA KAMIENSK"
405,SR7LLX,438.875,-,7.600000,,88.5,88.5,FM,12.5,
406,SR7LLX,438.875,split,431.275,,88.5,88.5,FM,12.5,
407,SR7LM,439.2,-,7.600000,,88.5,88.5,FM,12.5,Łódź
408,SR7LO,1298.7,-,28.000000,,88.5,88.5,FM,12.5,Lodz
410,SR7O,145.6625,-,0.600000,,88.5,88.5,FM,12.5,"Sniezkowice POLKOMTEL"
411,SR7OS,439.475,-,7.600000,Tone,71.9,71.9,FM,12.5,"Ostrowiec Swietokrzyski"
412,SR7PA,439.4,-,7.600000,Tone,77.0,88.5,FM,12.5,Pabianice
413,SR7PB,438.65,-,7.600000,,88.5,118.8,FM,12.5,Baltow
415,SR7SC,439.325,-,7.600000,Tone,118.8,118.8,FM,12.5,Skierniewice
416,SR7SI,438.825,-,7.600000,Tone,77.0,77.0,FM,12.5,Sieradz
417,SR7ST,439.15,-,7.600000,Tone,110.9,110.9,FM,12.5,"Staszow - wieza Polkomtel Sp. z o.o. - Plus"
418,SR7SZ,439.1875,-,7.600000,Tone,110.9,110.9,FM,12.5,"Staszow - wieza Polkomtel Sp. z o.o."
420,SR7TCW,438.125,-,292.825000,,88.5,88.5,FM,12.5,Zlota
421,SR7TCW,438.125,-,292.825000,,88.5,88.5,FM,12.5,Złota
422,SR7TM,438.675,-,7.600000,Tone,118.8,118.8,FM,12.5,"Tomaszow Mazowiecki"
423,SR7UAL,438.65,-,7.600000,,88.5,88.5,DV,12.5,Lodz
424,SR7ULD,439.55,-,7.600000,,88.5,88.5,DV,12.5,Lodz
426,SR7USI,439.525,-,7.600000,,88.5,88.5,DV,12.5,Sieradz
427,SR7UTM,439.1,-,7.600000,,88.5,88.5,DV,12.5,"Tomaszow Mazowiecki"
428,SR7UVK-B,439.125,-,7.600000,,88.5,88.5,DV,12.5,"Lysa Gora/Nowa Slupia - RTCN Swiety Krzyz EmiTel"
429,SR7UVL-B,439.45,-,7.600000,,88.5,88.5,DV,12.5,Lodz
430,SR7UVV,439.4875,-,7.600000,,88.5,88.5,DV,12.5,"Gora Kamiensk wieza EmiTel"
431,SR7UWI,438.525,-,7.600000,,88.5,88.5,DV,12.5,Czastary
432,SR7V,145.625,-,0.600000,Tone,88.5,88.5,FM,12.5,"RTCN Swiety Krzyz EmiTel - Lysa Gora/Nowa Slupia"
433,SR7VV,439.1125,-,7.600000,Tone,77.0,77.0,FM,12.5,"Gora Kamiensk wieza EmiTel"
434,SR7W,145.7,-,0.600000,,88.5,77.0,FM,12.5,Wielun
435,SR7WI,439,-,7.600000,,88.5,88.5,FM,12.5,Dzialoszyn
436,SR7WU,439.55,-,7.600000,Tone,123.0,123.0,FM,12.5,Wieruszow
437,SR7Z,145.6,-,0.600000,Tone,77.0,88.5,FM,12.5,Lodz
438,SR7ZD,438.9,-,7.600000,Tone,77.0,88.5,FM,12.5,"Zdunska Wola"
439,SR7ZG,438.95,-,7.600000,Tone,77.0,88.5,FM,12.5,Zgierz
440,SR7ZG,438.95,split,431.35,Tone,77.0,77.0,FM,12.5,Zgierz
441,SR8AGA,439.35,-,7.600000,Tone,103.5,88.5,FM,12.5,Domaradz
443,SR8AR,29.69,-,0.100000,Tone,127.3,127.3,FM,12.5,Krosno
444,SR8AR,29.69,-,0.100000,Tone,127.3,127.3,FM,12.5,Krosno
445,SR8AVB,439.0125,-,7.600000,,88.5,88.5,DV,12.5,"Biala Podlaska"
446,SR8B,145.7875,-,0.600000,Tone,71.9,71.9,FM,12.5,Lezajsk
447,SR8BB,438.875,-,7.600000,Tone,103.5,103.5,FM,12.5,"Bereznica Wyzna"
448,SR8BD,438.875,-,7.600000,Tone,103.5,103.5,FM,12.5,"Biala Podlaska Pec"
449,SR8BI,438.9,-,7.600000,,88.5,88.5,FM,12.5,Baligrod
450,SR8BP,438.65,-,7.600000,Tone,79.7,79.7,FM,12.5,"Chotycze / Losice"
451,SR8CH,438.675,-,7.600000,Tone,77.0,88.5,FM,12.5,Chelm
452,SR8D,145.65,-,0.600000,Tone,79.7,79.7,FM,12.5,"Chotycze / Losice"
453,SR8DE,439.3,-,7.600000,Tone,103.5,88.5,FM,12.5,Debica
454,SR8DEF,438.425,-,7.600000,Tone,103.5,88.5,FM,12.5,Debica
459,SR8DU,439,-,7.600000,Tone,71.9,71.9,FM,12.5,Drohobyczka-Dubiecko
462,SR8ET,439.2,-,7.600000,Tone,71.9,71.9,FM,12.5,"Sanok - Urzad Miasta"
463,SR8FM,434.4,+,0.000000,Tone,77.0,88.5,FM,12.5,Zawierzbie
465,SR8GA,145.725,-,0.600000,Tone,77.0,77.0,FM,12.5,Garbow
466,SR8GDM,439.375,-,7.600000,Tone,77.0,77.0,FM,12.5,Garbow
467,SR8J,145.7,-,0.600000,,88.5,88.5,FM,12.5,Jaroslaw
468,SR8JR,439.25,-,7.600000,Tone,67.0,88.5,FM,12.5,Jaroslaw
469,SR8JS,438.8,-,7.600000,,88.5,103.5,FM,12.5,"Jaslo - Gora Liwocz"
470,SR8K,145.6,-,0.600000,Tone,71.9,71.9,FM,12.5,Drohobyczka-Dubiecko
471,SR8KP,439.575,-,7.600000,Tone,71.9,71.9,FM,12.5,Giedlarowa
472,SR8KR,438.625,-,7.600000,Tone,103.5,103.5,FM,12.5,"RTCN Sucha Gora/Krosno EmiTel-Czarnorzeki 90"
473,SR8KSR,438.925,-,7.600000,Tone,103.5,103.5,FM,12.5,Krosno
474,SR8L,145.675,-,0.600000,Tone,67.0,67.0,FM,12.5,"RTCN Lublin / Bozy Dar (Emitel)"
475,SR8L6M,51.81,-,0.600000,Tone,67.0,67.0,FM,12.5,Lublin
476,SR8LBD,438.575,-,7.600000,Tone,77.0,77.0,FM,12.5,"RTCN Lublin / Bozy Dar (Emitel)"
477,SR8LBL,29.67,-,0.100000,Tone,71.9,88.5,FM,12.5,Giedlarowa
479,SR8LKR,438.55,-,7.600000,Tone,67.0,67.0,FM,12.5,Krasnik
480,SR8LL,1298.7,-,28.000000,,88.5,88.5,FM,12.5,Lublin
481,SR8LLB,439.25,-,7.600000,Tone,77.0,88.5,FM,12.5,Lubartow
482,SR8LN,438.675,-,7.600000,Tone,67.0,67.0,FM,12.5,Lublin
483,SR8LSW,439.025,-,7.600000,Tone,110.9,110.9,FM,12.5,Swidnik
484,SR8LU,439.05,-,7.600000,Tone,67.0,67.0,FM,12.5,Lublin
485,SR8LUB,439.4,-,7.600000,Tone,77.0,77.0,FM,12.5,Lublin
487,SR8LW,438.7,-,7.600000,Tone,67.0,88.5,FM,12.5,"Lukow (Zbozowa 2)"
488,SR8LWB,439.1375,-,7.600000,Tone,67.0,67.0,FM,12.5,Bogdanka
489,SR8MBR,50.54,+,0.000000,Tone,71.9,71.9,FM,12.5,"Tyczyn, Lasek"
490,SR8MBR,50.54,+,382.060000,Tone,71.9,71.9,FM,12.5,"Tyczyn, Lasek"
491,SR8NA,438.825,-,7.600000,Tone,71.9,71.9,FM,12.5,Dubiecko
492,SR8NP,145.7625,-,0.600000,,88.5,186.2,FM,12.5,Przemysl
493,SR8PL,439.0875,-,7.600000,Tone,118.8,118.8,FM,12.5,"Kazimierz Dolny"
494,SR8PPN,438.9,-,7.600000,Tone,67.0,88.5,FM,12.5,"gm. Urszulin"
495,SR8PU,438.85,-,7.600000,Tone,118.8,118.8,FM,12.5,"Kazimierz Dolny"
496,SR8R,145.675,-,0.600000,Tone,71.9,88.5,FM,12.5,Rzeszow
498,SR8RJS,438.5,-,7.600000,Tone,103.5,103.5,FM,12.5,Opacie
499,SR8RJS,51.75,-,0.500000,Tone,103.5,103.5,FM,12.5,Opacie
500,SR8RSC,145.2875,+,0.000000,Tone,71.9,71.9,FM,12.5,Boguchwala
501,SR8RW,433.5375,+,0.000000,Tone,77.0,88.5,FM,12.5,"Radomysl Wielki"
502,SR8RZ,439.25,-,7.600000,Tone,71.9,71.9,FM,12.5,Rzeszów
503,SR8RZE,439.2875,-,7.600000,Tone,71.9,71.9,FM,12.5,Rzeszow
504,SR8S,145.7125,-,0.600000,Tone,123.0,123.0,FM,12.5,Swidnik
505,SR8SD,439.325,-,7.600000,Tone,123.0,123.0,FM,12.5,Swidnik
506,SR8SM,438.65,-,7.600000,Tone,123.0,123.0,FM,12.5,Debica
507,SR8T,145.725,-,0.600000,Tone,103.5,103.5,FM,12.5,"RTCN Sucha Gora/Krosno EmiTel-Czarnorzeki 90"
508,SR8TA,438.95,-,7.600000,Tone,103.5,103.5,FM,12.5,"RTCN Sucha Gora/Krosno EmiTel-Czarnorzeki 90"
509,SR8TPM,145.3375,+,0.000000,Tone,71.9,71.9,FM,12.5,
510,SR8TR,29.69,-,0.100000,,88.5,88.5,FM,12.5,"Leżajsk Cmentarna CNR"
511,SR8U,145.6875,-,0.600000,,88.5,88.5,FM,12.5,Baligrod
512,SR8UKS,439.1125,-,7.600000,,88.5,88.5,DV,12.5,"RTCN Sucha Gora/Krosno EmiTel-Czarnorzeki 90"
513,SR8UVB,439.4125,-,7.600000,,88.5,88.5,DV,12.5,"Chotycze - RTCN Losice"
514,SR8UVC,439.55,-,7.600000,,88.5,88.5,DV,12.5,CHOTYŁÓW
515,SR8UVL,438.825,-,7.600000,,88.5,88.5,DV,12.5,Lublin
516,SR8UVP,439.4625,-,7.600000,,88.5,88.5,DV,12.5,"Kazimierz Dolny"
517,SR8UVS,438.325,-,7.600000,,88.5,88.5,DV,12.5,Swidnik
518,SR8UWD,438.5125,-,7.600000,,88.5,88.5,DV,12.5,Wlodawa
519,SR8V,145.6125,-,0.600000,Tone,103.5,88.5,FM,12.5,Jaslo
520,SR8WD,438.975,-,7.600000,Tone,103.5,103.5,FM,12.5,Wlodawa
521,SR8X,145.7,-,0.600000,Tone,118.8,118.8,FM,12.5,Pulawy
522,SR8Y,145.65,-,0.600000,Tone,123.0,123.0,FM,12.5,Rzeszow
523,SR8Z,145.75,-,0.600000,Tone,77.0,77.0,FM,12.5,"Feliksowka k/Zamoscia"
524,SR8ZA,439.275,-,7.600000,Tone,77.0,77.0,FM,12.5,"Feliksowka k/Zamoscia"
525,SR9A,145.775,-,0.600000,,88.5,88.5,FM,12.5,"Gora Wal - Tarnow"
526,SR9ABC,51.99,-,0.600000,,88.5,88.5,FM,12.5,"Szczawnica - Gora Przehyba (Teren schroniska)"
528,SR9AE,438.825,-,7.600000,Tone,103.5,103.5,FM,12.5,"Obserwatorium astronomiczne na Gorze Lubomir"
529,SR9AMS,145.2375,+,0.000000,,88.5,107.2,FM,12.5,"(zmiana lokalizacji)"
530,SR9ASR,438.3,-,7.600000,Tone,74.4,74.4,FM,12.5,"Gora Zar"
531,SR9B,145.7125,-,0.600000,Tone,67.0,88.5,FM,12.5,Skrzyczne
532,SR9BB,438.5375,-,7.600000,Tone,67.0,67.0,FM,12.5,"Platforma widokowa na Skrzycznem"
533,SR9BB,438.5375,-,7.600000,Tone,67.0,67.0,FM,12.5,"Schroniska PTTK Szyndzielnia"
535,SR9BSR,438.25,-,7.600000,Tone,74.4,88.5,FM,12.5,"Gora Szyndzielnia"
536,SR9C,145.6,-,0.600000,Tone,103.5,103.5,FM,12.5,Niepołomice
538,SR9CZ,439.175,-,7.600000,,88.5,88.5,DV,12.5,Czestochowa
539,SR9CZC,145.3375,+,0.000000,Tone,71.9,71.9,FM,12.5,Czestochowa
540,SR9CZE,439.5625,-,7.600000,Tone,67.0,88.5,FM,12.5,Czestochowa
541,SR9D,145.675,-,0.600000,Tone,71.9,88.5,FM,12.5,Bedzin
545,SR9DJC,145.7875,-,0.600000,,88.5,88.5,DV,12.5,"Jaworzyna Krynicka"
552,SR9DV,438.325,-,7.600000,Tone,67.0,88.5,FM,12.5,Wegrzce
553,SR9DX,145.575,-,0.600000,Tone,71.9,71.9,FM,12.5,Bytom
555,SR9E,145.725,-,0.600000,Tone,71.9,71.9,FM,12.5,"Siemianowice Slaskie"
556,SR9EE,438.875,-,7.600000,Tone,67.0,88.5,FM,12.5,"Skrzyczne EMITEL"
557,SR9EHO,29.61,+,0.000000,Tone,107.2,107.2,FM,12.5,"Mordarka - Lysa Gora (k. Limanowej)"
558,SR9FMJ,438.4,-,7.600000,Tone,67.0,67.0,FM,12.5,Krynica-Zdrój
559,SR9FUN,29.66,-,0.100000,Tone,107.2,107.2,FM,12.5,"Szczawnica - Gora Przehyba (Teren schroniska)"
560,SR9GC,438.925,-,7.600000,,88.5,88.5,FM,12.5,Gliwice
561,SR9GOL,145.65,+,289.100000,Tone,114.8,114.8,FM,12.5,
562,SR9GP,438.65,-,7.600000,Tone,88.5,88.5,FM,12.5,Przehyba
563,SR9GR,438.5375,-,7.600000,Tone,162.2,162.2,FM,12.5,"Gorlice, maszt Emitel na Gorze Cmentarnej"
564,SR9IVG,70.26,+,0.000000,,88.5,107.2,FM,12.5,"Mordarka - Lysa Gora (k. Limanowej)"
565,SR9J,145.7875,-,0.600000,Tone,123.0,123.0,FM,12.5,Czestochowa
566,SR9JG,439.4625,-,7.600000,Tone,71.9,71.9,FM,12.5,Biskupice
567,SR9JK,438.8,-,7.600000,Tone,94.8,88.5,FM,12.5,Wlodowice
569,SR9K,145.75,-,0.600000,Tone,103.5,88.5,FM,12.5,"Siercza k/Wieliczki"
570,SR9KAO,439.2125,-,7.600000,,88.5,88.5,FM,12.5,Tarnow
571,SR9KD,438.95,-,7.600000,Tone,71.9,88.5,FM,12.5,Sosnowiec
572,SR9KM,438.975,-,7.600000,Tone,71.9,88.5,FM,12.5,"Krupski Mlyn"
573,SR9KR,439.275,-,7.600000,,88.5,88.5,DV,12.5,"Choragwica k/Krakowa"
574,SR9KS,438.9,-,7.600000,Tone,103.5,103.5,FM,12.5,"Siercza k/Wieliczki"
575,SR9KW,439.025,-,7.600000,Tone,67.0,67.0,FM,12.5,Pogrzebień
576,SR9L,145.6875,-,0.600000,Tone,107.2,107.2,FM,12.5,"Limanowa Lipowe"
577,SR9LC,438.7,-,7.600000,Tone,71.9,71.9,FM,12.5,LUBECKO
578,SR9LI,438.675,-,7.600000,,88.5,88.5,FM,12.5,Pasierbiec
579,SR9LK,1298.5,-,28.000000,,88.5,88.5,FM,12.5,"Siercza k/Wieliczki"
580,SR9NJ,438.7,-,7.600000,Tone,103.5,103.5,FM,12.5,"Krynica Zdroj, Jaworzyna (gorna stacja kolejki gondolowej"
581,SR9NJ,1298.15,-,28.000000,,88.5,88.5,FM,12.5,"Krynica Zdroj, Jaworzyna (gorna stacja kolejki gondolowej"
582,SR9NKU,438.3625,-,7.600000,Tone,71.9,71.9,FM,12.5,"Dabrowa Gornicza"
583,SR9NP,438.9375,-,7.600000,Tone,107.2,107.2,FM,12.5,Przehyba
584,SR9NS,439.225,-,7.600000,Tone,107.2,107.2,FM,12.5,"Nowy Sacz"
586,SR9NSK,434.675,+,0.000000,,88.5,88.5,FM,12.5,Skrzyczne
587,SR9OA,438.75,-,7.600000,Tone,107.2,88.5,FM,12.5,"Wieza widokowa Dabrowa"
589,SR9OMP,438.9375,-,7.600000,Tone,77.0,77.0,FM,12.5,Cieszyn
590,SR9P,145.6625,-,0.600000,Tone,103.5,88.5,FM,12.5,"Gora Koskowa POLKOMTEL"
591,SR9PC,438.85,-,7.600000,Tone,103.5,88.5,FM,12.5,"Gora Koskowa POLKOMTEL"
592,SR9PJD,431.8,+,7.600000,,88.5,88.5,FM,12.5,Gliwice
594,SR9PS,439.25,-,7.600000,Tone,67.0,67.0,FM,12.5,Pszow
595,SR9RAC,439.575,-,7.600000,Tone,67.0,67.0,FM,12.5,Strzybniczek
597,SR9RP,439.25,-,7.600000,Tone,107.2,107.2,FM,12.5,Wysokie
598,SR9RR,439.1,-,7.600000,Tone,107.2,107.2,FM,12.5,
599,SR9RS,439.325,-,7.600000,Tone,107.2,107.2,FM,12.5,
601,SR9RT,29.66,-,0.100000,Tone,103.5,103.5,FM,12.5,"Mordarka - Lysa Gora 781 m n.p.m. k. Limanowej"
602,SR9RT,51.99,-,0.600000,Tone,103.5,103.5,FM,12.5,"Mordarka - Lysa Gora 781 m n.p.m. k. Limanowej"
603,SR9RT,438.6375,-,7.600000,Tone,103.5,103.5,FM,12.5,"Mordarka - Lysa Gora 781 m n.p.m. k. Limanowej"
604,SR9RT,145.6375,-,0.600000,Tone,103.5,103.5,FM,12.5,"Mordarka - Lysa Gora 781 m n.p.m. (k. Limanowej)"
605,SR9RT,145.6375,split,145.0375,Tone,103.5,103.5,FM,12.5,"Mordarka - Łysa Góra 781 m n.p.m. (k. Limanowej)"
606,SR9RU,439.35,-,7.600000,Tone,107.2,107.2,FM,12.5,
607,SR9SA,439.45,-,7.600000,Tone,67.0,67.0,FM,12.5,"Gora Szyndzielnia, Bielsko-Biala"
608,SR9SC,438.9625,-,7.600000,Tone,67.0,88.5,FM,12.5,Cieszyn
609,SR9SE,439.2,-,7.600000,Tone,71.9,88.5,FM,12.5,Bedzin
610,SR9SEP,430.925,+,7.600000,,88.5,88.5,FM,12.5,Gliwice
612,SR9SK,439.375,-,7.600000,Tone,67.0,67.0,FM,12.5,Skrzyczne
614,SR9SS,439.1,-,7.600000,Tone,71.9,71.9,FM,12.5,"Siemianowice Slaskie"
616,SR9TB,438.775,-,7.600000,Tone,103.5,103.5,FM,12.5,"Gora Wal - Tarnow"
617,SR9TG,145.6125,-,0.600000,Tone,71.9,71.9,FM,12.5,"Tarnowskie Góry"
618,SR9TM,438.5125,-,7.600000,Tone,103.5,103.5,FM,12.5,"Pcim - Kudlacze"
624,SR9UV,439.3375,-,7.600000,,88.5,88.5,DV,12.5,Wlodowice
626,SR9UVJ,439.5,-,7.600000,,88.5,88.5,DV,12.5,"Jaworzyna Krynicka"
627,SR9UVJ-B,439.5,-,7.600000,,88.5,88.5,DV,12.5,"Krynica Zdroj - Jaworzyna (gorna stacja kolejki gondolowej)"
628,SR9UVJ-C,145.7875,-,0.600000,,88.5,88.5,DV,12.5,"Krynica Zdrój - Jaworzyna (górna stacja kolejki gondolowej)"
632,SR9UVP,439.3625,-,7.600000,,88.5,88.5,DV,12.5,"Gora Koskowa POLKOMTEL"
633,SR9UVR,439.3,-,7.600000,Tone,94.8,94.8,FM,12.5,"Gliczarow Gorny Maszt OSP"
635,SR9UVU,439.1625,-,7.600000,,88.5,88.5,DV,12.5,Skrzyczne
636,SR9UVZ,439.2,-,7.600000,,88.5,88.5,DV,12.5,"Gliczarow Gorny Maszt OSP"
640,SR9VJP,438.5875,-,7.600000,,88.5,88.5,DV,12.5,MUSZYNA
641,SR9VO,439.075,-,7.600000,Tone,103.5,103.5,FM,12.5,Tarnow
643,SR9VVO,439.4375,-,7.600000,,88.5,88.5,DV,12.5,Lichwin
644,SR9W,145.6,-,0.600000,Tone,103.5,103.5,FM,12.5,"Makowica - Kamionna"
645,SR9X,145.7,-,0.600000,Tone,94.8,94.8,FM,12.5,"Obiekt Emitel RTON Gubalowka"
646,SR9Z,145.7375,-,0.600000,Tone,107.2,107.2,FM,12.5,"Przehyba EMITEL"
648,SR9ZAR,439.5375,-,7.600000,Tone,67.0,67.0,FM,12.5,"Gora Zar"
649,SR9ZHP,145.2875,+,0.000000,Tone,127.3,127.3,FM,12.5,Będzin
